<wpml-config>
	<custom-types>
		<custom-type translate="1">slider</custom-type>
		<custom-type translate="1">slider-item</custom-type>
		<custom-type translate="1">portfolio</custom-type>
		<custom-type translate="1">portfolio-item</custom-type>
		<custom-type translate="1">gallery</custom-type>
	</custom-types>
	<taxonomies>
		<taxonomy translate="1">portfolio-item-category</taxonomy>
		<taxonomy translate="1">portfolio-item-tag</taxonomy>
	</taxonomies>
	<admin-texts>
		<key name="website">
			<key name="header">
				<key name="logo">
				 	<key name="text" />
				</key>
				<key name="tagline" />
			</key>
			<key name="footer">
				<key name="text">
					<key name="left" />
					<key name="right" />
				</key>
			</key>
			<key name="front_page">
				<key name="box">
					<key name="title" />
					<key name="text" />
				</key>
				<key name="posts">
					<key name="goto">
						<key name="text" />
					</key>
				</key>
				<key name="columns">
					<key name="column">
						<key name="0">
							<key name="title" />
							<key name="text" />
							<key name="more" />
						</key>
						<key name="1">
							<key name="title" />
							<key name="text" />
							<key name="more" />
						</key>
						<key name="2">
							<key name="title" />
							<key name="text" />
							<key name="more" />
						</key>
						<key name="3">
							<key name="title" />
							<key name="text" />
							<key name="more" />
						</key>
					</key>
				</key>
			</key>
			<key name="post">
			 	<key name="readmore" />
			</key>
			<key name="contact_form">
				<key name="subject" />
			</key>
		</key>
	</admin-texts>
</wpml-config>